[
  {
    "versionInfo": null,
    "perfProfile": "Default",
    "sdcApproved": false,
    "osType": "Linux",
    "mdmConnectionState": "Connected",
    "memoryAllocationFailure": null,
    "socketAllocationFailure": null,
    "softwareVersionInfo": null,
    "sdcGuid": "9E56672F-2F4B-4A42-BFF4-88B6846FBFDA",
    "installedSoftwareVersionInfo": "R2_6.0.0",
    "kernelVersion": "3.10.0",
    "kernelBuildNumber": null,
    "sdcIp": "127.1.1.11",
    "sdcApprovedIps": null,
    "systemId": "14dbbf5617523654",
    "name": null,
    "id": "d0f055a700000000",
    "links": [
      {
        "rel": "self",
        "href": "/api/instances/Sdc::d0f055a700000000"
      },
      {
        "rel": "/api/Sdc/relationship/Statistics",
        "href": "/api/instances/Sdc::d0f055a700000000/relationships/Statistics"
      },
      {
        "rel": "/api/Sdc/relationship/Volume",
        "href": "/api/instances/Sdc::d0f055a700000000/relationships/Volume"
      },
      {
        "rel": "/api/parent/relationship/systemId",
        "href": "/api/instances/System::14dbbf5617523654"
      }
    ]
  },
  {
    "versionInfo": null,
    "perfProfile": "Default",
    "sdcApproved": true,
    "osType": "Linux",
    "mdmConnectionState": "Disconnected",
    "memoryAllocationFailure": null,
    "socketAllocationFailure": null,
    "softwareVersionInfo": null,
    "sdcGuid": "7E012974-3651-4DCB-9954-25975A3C3CDF",
    "installedSoftwareVersionInfo": "R2_0.14000.0",
    "kernelVersion": "3.10.0",
    "kernelBuildNumber": null,
    "sdcIp": "127.1.1.10",
    "sdcApprovedIps": null,
    "systemId": "14dbbf5617523654",
    "name": null,
    "id": "d0f055aa00000001",
    "links": [
      {
        "rel": "self",
        "href": "/api/instances/Sdc::d0f055aa00000001"
      },
      {
        "rel": "/api/Sdc/relationship/Statistics",
        "href": "/api/instances/Sdc::d0f055aa00000001/relationships/Statistics"
      },
      {
        "rel": "/api/Sdc/relationship/Volume",
        "href": "/api/instances/Sdc::d0f055aa00000001/relationships/Volume"
      },
      {
        "rel": "/api/parent/relationship/systemId",
        "href": "/api/instances/System::14dbbf5617523654"
      }
    ]
  },
  {
    "versionInfo": null,
    "perfProfile": "Default",
    "sdcApproved": true,
    "osType": "Linux",
    "mdmConnectionState": "Disconnected",
    "memoryAllocationFailure": null,
    "socketAllocationFailure": null,
    "softwareVersionInfo": null,
    "sdcGuid": "2F64BC7E-9077-42CD-B860-AB5AAC2DF754",
    "installedSoftwareVersionInfo": "R2_0.14000.0",
    "kernelVersion": "3.10.0",
    "kernelBuildNumber": null,
    "sdcIp": "127.1.1.10",
    "sdcApprovedIps": null,
    "systemId": "14dbbf5617523654",
    "name": null,
    "id": "d0f055ab00000002",
    "links": [
      {
        "rel": "self",
        "href": "/api/instances/Sdc::d0f055ab00000002"
      },
      {
        "rel": "/api/Sdc/relationship/Statistics",
        "href": "/api/instances/Sdc::d0f055ab00000002/relationships/Statistics"
      },
      {
        "rel": "/api/Sdc/relationship/Volume",
        "href": "/api/instances/Sdc::d0f055ab00000002/relationships/Volume"
      },
      {
        "rel": "/api/parent/relationship/systemId",
        "href": "/api/instances/System::14dbbf5617523654"
      }
    ]
  },
  {
    "versionInfo": null,
    "perfProfile": "Default",
    "sdcApproved": true,
    "osType": "Linux",
    "mdmConnectionState": "Disconnected",
    "memoryAllocationFailure": null,
    "socketAllocationFailure": null,
    "softwareVersionInfo": null,
    "sdcGuid": "0772288F-37A9-4113-9964-8CA86C20307A",
    "installedSoftwareVersionInfo": "R2_6.0.0",
    "kernelVersion": "3.10.0",
    "kernelBuildNumber": null,
    "sdcIp": "127.1.1.1",
    "sdcApprovedIps": null,
    "systemId": "14dbbf5617523654",
    "name": null,
    "id": "d0f07cb700000003",
    "links": [
      {
        "rel": "self",
        "href": "/api/instances/Sdc::d0f07cb700000003"
      },
      {
        "rel": "/api/Sdc/relationship/Statistics",
        "href": "/api/instances/Sdc::d0f07cb700000003/relationships/Statistics"
      },
      {
        "rel": "/api/Sdc/relationship/Volume",
        "href": "/api/instances/Sdc::d0f07cb700000003/relationships/Volume"
      },
      {
        "rel": "/api/parent/relationship/systemId",
        "href": "/api/instances/System::14dbbf5617523654"
      }
    ]
  },
  {
    "versionInfo": "R2_6.0.0",
    "perfProfile": "Default",
    "sdcApproved": true,
    "osType": "Linux",
    "mdmConnectionState": "Connected",
    "memoryAllocationFailure": null,
    "socketAllocationFailure": null,
    "softwareVersionInfo": "R2_6.0.0",
    "sdcGuid": "568BD984-303E-4787-AC7B-72C15C829EFB",
    "installedSoftwareVersionInfo": "R2_6.0.0",
    "kernelVersion": "3.10.0",
    "kernelBuildNumber": null,
    "sdcIp": "127.1.1.4",
    "sdcApprovedIps": null,
    "systemId": "14dbbf5617523654",
    "name": null,
    "id": "d0f07cb800000004",
    "links": [
      {
        "rel": "self",
        "href": "/api/instances/Sdc::d0f07cb800000004"
      },
      {
        "rel": "/api/Sdc/relationship/Statistics",
        "href": "/api/instances/Sdc::d0f07cb800000004/relationships/Statistics"
      },
      {
        "rel": "/api/Sdc/relationship/Volume",
        "href": "/api/instances/Sdc::d0f07cb800000004/relationships/Volume"
      },
      {
        "rel": "/api/parent/relationship/systemId",
        "href": "/api/instances/System::14dbbf5617523654"
      }
    ]
  },
  {
    "versionInfo": null,
    "perfProfile": "Default",
    "sdcApproved": true,
    "osType": "Linux",
    "mdmConnectionState": "Disconnected",
    "memoryAllocationFailure": null,
    "socketAllocationFailure": null,
    "softwareVersionInfo": null,
    "sdcGuid": "4CFC288C-F9DA-4F36-8BB7-C8BAE325BF8B",
    "installedSoftwareVersionInfo": "R2_6.0.0",
    "kernelVersion": "3.10.0",
    "kernelBuildNumber": null,
    "sdcIp": "127.1.1.2",
    "sdcApprovedIps": null,
    "systemId": "14dbbf5617523654",
    "name": null,
    "id": "d0f07cb900000005",
    "links": [
      {
        "rel": "self",
        "href": "/api/instances/Sdc::d0f07cb900000005"
      },
      {
        "rel": "/api/Sdc/relationship/Statistics",
        "href": "/api/instances/Sdc::d0f07cb900000005/relationships/Statistics"
      },
      {
        "rel": "/api/Sdc/relationship/Volume",
        "href": "/api/instances/Sdc::d0f07cb900000005/relationships/Volume"
      },
      {
        "rel": "/api/parent/relationship/systemId",
        "href": "/api/instances/System::14dbbf5617523654"
      }
    ]
  },
  {
    "versionInfo": "R2_6.0.0",
    "perfProfile": "Default",
    "sdcApproved": true,
    "osType": "Linux",
    "mdmConnectionState": "Connected",
    "memoryAllocationFailure": null,
    "socketAllocationFailure": null,
    "softwareVersionInfo": "R2_6.0.0",
    "sdcGuid": "46AAA3B8-5FE0-40DB-8A7A-20946056DFD4",
    "installedSoftwareVersionInfo": "R2_6.0.0",
    "kernelVersion": "3.10.0",
    "kernelBuildNumber": null,
    "sdcIp": "127.1.1.3",
    "sdcApprovedIps": null,
    "systemId": "14dbbf5617523654",
    "name": null,
    "id": "d0f0a3c700000006",
    "links": [
      {
        "rel": "self",
        "href": "/api/instances/Sdc::d0f0a3c700000006"
      },
      {
        "rel": "/api/Sdc/relationship/Statistics",
        "href": "/api/instances/Sdc::d0f0a3c700000006/relationships/Statistics"
      },
      {
        "rel": "/api/Sdc/relationship/Volume",
        "href": "/api/instances/Sdc::d0f0a3c700000006/relationships/Volume"
      },
      {
        "rel": "/api/parent/relationship/systemId",
        "href": "/api/instances/System::14dbbf5617523654"
      }
    ]
  },
  {
    "versionInfo": "R2_6.0.0",
    "perfProfile": "Default",
    "sdcApproved": true,
    "osType": "Linux",
    "mdmConnectionState": "Connected",
    "memoryAllocationFailure": null,
    "socketAllocationFailure": null,
    "softwareVersionInfo": "R2_6.0.0",
    "sdcGuid": "E3B3B861-4253-416A-B94C-60173437B28A",
    "installedSoftwareVersionInfo": "R2_6.0.0",
    "kernelVersion": "3.10.0",
    "kernelBuildNumber": null,
    "sdcIp": "127.1.1.5",
    "sdcApprovedIps": null,
    "systemId": "14dbbf5617523654",
    "name": null,
    "id": "d0f0a3c800000007",
    "links": [
      {
        "rel": "self",
        "href": "/api/instances/Sdc::d0f0a3c800000007"
      },
      {
        "rel": "/api/Sdc/relationship/Statistics",
        "href": "/api/instances/Sdc::d0f0a3c800000007/relationships/Statistics"
      },
      {
        "rel": "/api/Sdc/relationship/Volume",
        "href": "/api/instances/Sdc::d0f0a3c800000007/relationships/Volume"
      },
      {
        "rel": "/api/parent/relationship/systemId",
        "href": "/api/instances/System::14dbbf5617523654"
      }
    ]
  },
  {
    "versionInfo": null,
    "perfProfile": "Default",
    "sdcApproved": true,
    "osType": "Linux",
    "mdmConnectionState": "Disconnected",
    "memoryAllocationFailure": null,
    "socketAllocationFailure": null,
    "softwareVersionInfo": null,
    "sdcGuid": "DF068475-8036-4AA4-A6F6-4E1D1338D73C",
    "installedSoftwareVersionInfo": "R2_0.14000.0",
    "kernelVersion": "3.10.0",
    "kernelBuildNumber": null,
    "sdcIp": "127.1.1.10",
    "sdcApprovedIps": null,
    "systemId": "14dbbf5617523654",
    "name": null,
    "id": "d0f0a3c900000008",
    "links": [
      {
        "rel": "self",
        "href": "/api/instances/Sdc::d0f0a3c900000008"
      },
      {
        "rel": "/api/Sdc/relationship/Statistics",
        "href": "/api/instances/Sdc::d0f0a3c900000008/relationships/Statistics"
      },
      {
        "rel": "/api/Sdc/relationship/Volume",
        "href": "/api/instances/Sdc::d0f0a3c900000008/relationships/Volume"
      },
      {
        "rel": "/api/parent/relationship/systemId",
        "href": "/api/instances/System::14dbbf5617523654"
      }
    ]
  }
]
