{
  "pendingMovingOutBckRebuildJobs": 0,
  "rfcachePoolWritePending": 0,
  "degradedHealthyCapacityInKb": 0,
  "activeMovingOutFwdRebuildJobs": 0,
  "rfcachePoolWritePendingG1Sec": 0,
  "bckRebuildWriteBwc": {
    "numSeconds": 0,
    "totalWeightInKb": 0,
    "numOccured": 0
  },
  "primaryReadFromDevBwc": {
    "numSeconds": 0,
    "totalWeightInKb": 0,
    "numOccured": 0
  },
  "BackgroundScannedInMB": 0,
  "rfcacheReadsSkippedAlignedSizeTooLarge": 0,
  "rfcachePoolSize": 0,
  "pendingMovingInRebalanceJobs": 0,
  "rfcacheWritesSkippedHeavyLoad": 0,
  "rfcachePoolPagesInuse": 0,
  "unusedCapacityInKb": 263474176,
  "rmcacheEntryEvictionCount": 0,
  "rfcacheFdAvgWriteTime": 0,
  "totalReadBwc": {
    "numSeconds": 0,
    "totalWeightInKb": 0,
    "numOccured": 0
  },
  "totalWriteBwc": {
    "numSeconds": 0,
    "totalWeightInKb": 0,
    "numOccured": 0
  },
  "rmPendingAllocatedInKb": 0,
  "numOfVolumes": 2,
  "rfcacheIosOutstanding": 0,
  "rmcacheBigBlockEvictionSizeCountInKb": 0,
  "capacityAvailableForVolumeAllocationInKb": 117440512,
  "numOfMappedToAllVolumes": 0,
  "numOfScsiInitiators": 0,
  "rebuildPerReceiveJobNetThrottlingInKbps": 0,
  "rmcache32kbEntryCount": 0,
  "rfcachePoolEvictions": 0,
  "rfcachePoolNumCacheDevs": 0,
  "activeMovingInNormRebuildJobs": 0,
  "rfcacheFdWriteTimeGreater500Millis": 0,
  "rmcacheSkipCountCacheAllBusy": 0,
  "fixedReadErrorCount": 0,
  "numOfSdc": 9,
  "rfcachePoolNumSrcDevs": 0,
  "rfcacheFdMonitorErrorStuckIo": 0,
  "pendingMovingInBckRebuildJobs": 0,
  "rfcacheReadsSkippedInternalError": 0,
  "rfcachePoolWritePendingG500Micro": 0,
  "activeBckRebuildCapacityInKb": 0,
  "rebalanceCapacityInKb": 0,
  "rfcachePoolInLowMemoryCondition": 0,
  "rfcacheReadsSkippedLowResources": 0,
  "thinCapacityInUseInKb": 30720,
  "rfcachePoolLowResourcesInitiatedPassthroughMode": 0,
  "rfcachePoolWritePendingG10Millis": 0,
  "rfcacheWritesSkippedInternalError": 0,
  "rfcachePoolWriteHit": 0,
  "rmcache128kbEntryCount": 0,
  "rfcacheFdReadTimeGreater5Sec": 0,
  "rfcacheWritesSkippedCacheMiss": 0,
  "numOfFaultSets": 0,
  "degradedFailedCapacityInKb": 0,
  "BackgroundScanCompareCount": 0,
  "activeNormRebuildCapacityInKb": 0,
  "snapCapacityInUseInKb": 18843648,
  "rfcacheWriteMiss": 0,
  "rfcacheFdIoErrors": 0,
  "primaryReadFromRmcacheBwc": {
    "numSeconds": 0,
    "totalWeightInKb": 0,
    "numOccured": 0
  },
  "numOfVtrees": 2,
  "rfacheReadHit": 0,
  "rfcachePooIosOutstanding": 0,
  "pendingMovingCapacityInKb": 0,
  "numOfSnapshots": 0,
  "pendingFwdRebuildCapacityInKb": 0,
  "sdcIds": [
    "d0f055a700000000",
    "d0f055aa00000001",
    "d0f055ab00000002",
    "d0f07cb700000003",
    "d0f07cb800000004",
    "d0f07cb900000005",
    "d0f0a3c700000006",
    "d0f0a3c800000007",
    "d0f0a3c900000008"
  ],
  "rmcacheNoEvictionCount": 0,
  "rmcacheBigBlockEvictionCount": 0,
  "rmcacheCurrNumOf128kbEntries": 0,
  "normRebuildCapacityInKb": 0,
  "rfcachePoolReadPendingG1Millis": 0,
  "primaryWriteBwc": {
    "numSeconds": 0,
    "totalWeightInKb": 0,
    "numOccured": 0
  },
  "rmcacheSizeInUseInKb": 0,
  "numOfThickBaseVolumes": 1,
  "rfcachePoolReadPendingG10Millis": 0,
  "activeRebalanceCapacityInKb": 0,
  "rfcacheReadsSkippedLockIos": 0,
  "unreachableUnusedCapacityInKb": 0,
  "rfcachePoolReadPendingG500Micro": 0,
  "rmcache8kbEntryCount": 0,
  "numOfVolumesInDeletion": 0,
  "pendingMovingOutFwdRebuildJobs": 0,
  "maxCapacityInKb": 311424000,
  "rmcacheSkipCountLargeIo": 0,
  "protectedCapacityInKb": 16807936,
  "secondaryWriteBwc": {
    "numSeconds": 0,
    "totalWeightInKb": 0,
    "numOccured": 0
  },
  "normRebuildReadBwc": {
    "numSeconds": 0,
    "totalWeightInKb": 0,
    "numOccured": 0
  },
  "thinCapacityAllocatedInKb": 33554432,
  "thinCapacityAllocatedInKm": 33554432,
  "rmcacheCurrNumOf8kbEntries": 0,
  "rebalanceWriteBwc": {
    "numSeconds": 0,
    "totalWeightInKb": 0,
    "numOccured": 0
  },
  "primaryVacInKb": 25165824,
  "secondaryVacInKb": 25165824,
  "numOfDevices": 3,
  "rfcachePoolWriteMiss": 0,
  "failedCapacityInKb": 0,
  "rfcachePoolReadPendingG1Sec": 0,
  "rfcachePoolWritePendingG1Millis": 0,
  "rebalanceWaitSendQLength": 0,
  "rmcache4kbEntryCount": 0,
  "rfcacheFdReadTimeGreater1Min": 0,
  "rebalancePerReceiveJobNetThrottlingInKbps": 0,
  "activeMovingOutBckRebuildJobs": 0,
  "rfcacheReadsFromCache": 0,
  "rfcacheFdReadTimeGreater1Sec": 0,
  "pendingMovingInNormRebuildJobs": 0,
  "rmcache64kbEntryCount": 0,
  "failedVacInKb": 0,
  "primaryReadBwc": {
    "numSeconds": 0,
    "totalWeightInKb": 0,
    "numOccured": 0
  },
  "pendingRebalanceCapacityInKb": 0,
  "rfcacheAvgReadTime": 0,
  "semiProtectedCapacityInKb": 0,
  "rfcachePoolSourceIdMismatch": 0,
  "rfcacheFdAvgReadTime": 0,
  "fwdRebuildReadBwc": {
    "numSeconds": 0,
    "totalWeightInKb": 0,
    "numOccured": 0
  },
  "rfcacheWritesReceived": 0,
  "rfcachePoolSuspendedIos": 0,
  "protectedVacInKb": 50331648,
  "activeMovingRebalanceJobs": 0,
  "activeMovingInFwdRebuildJobs": 0,
  "bckRebuildCapacityInKb": 0,
  "pendingMovingRebalanceJobs": 0,
  "degradedHealthyVacInKb": 0,
  "rfcachePoolLockTimeGreater1Sec": 0,
  "semiProtectedVacInKb": 0,
  "userDataReadBwc": {
    "numSeconds": 0,
    "totalWeightInKb": 0,
    "numOccured": 0
  },
  "pendingBckRebuildCapacityInKb": 0,
  "rmcacheCurrNumOf4kbEntries": 0,
  "capacityLimitInKb": 311424000,
  "numOfProtectionDomains": 1,
  "activeMovingCapacityInKb": 0,
  "rfcacheIosSkipped": 0,
  "scsiInitiatorIds": [],
  "rfcacheFdWriteTimeGreater5Sec": 0,
  "userDataWriteBwc": {
    "numSeconds": 0,
    "totalWeightInKb": 0,
    "numOccured": 0
  },
  "inMaintenanceVacInKb": 0,
  "rfcacheReadsSkipped": 0,
  "rfcachePoolReadHit": 0,
  "rebuildWaitSendQLength": 0,
  "numOfUnmappedVolumes": 1,
  "rmcacheCurrNumOf64kbEntries": 0,
  "rfcacheWritesSkippedMaxIoSize": 0,
  "atRestCapacityInKb": 16807936,
  "rfacheWriteHit": 0,
  "bckRebuildReadBwc": {
    "numSeconds": 0,
    "totalWeightInKb": 0,
    "numOccured": 0
  },
  "rfcacheSourceDeviceWrites": 0,
  "spareCapacityInKb": 31141888,
  "rfcacheFdInlightReads": 0,
  "rfcacheIoErrors": 0,
  "normRebuildWriteBwc": {
    "numSeconds": 0,
    "totalWeightInKb": 0,
    "numOccured": 0
  },
  "numOfSds": 3,
  "capacityInUseInKb": 16807936,
  "rebalanceReadBwc": {
    "numSeconds": 0,
    "totalWeightInKb": 0,
    "numOccured": 0
  },
  "rmcacheSkipCountUnaligned4kbIo": 0,
  "rfcacheReadsSkippedMaxIoSize": 0,
  "secondaryReadFromDevBwc": {
    "numSeconds": 0,
    "totalWeightInKb": 0,
    "numOccured": 0
  },
  "rfcachePoolSuspendedPequestsRedundantSearchs": 0,
  "secondaryReadFromRmcacheBwc": {
    "numSeconds": 0,
    "totalWeightInKb": 0,
    "numOccured": 0
  },
  "rfcacheWritesSkippedStuckIo": 0,
  "numOfStoragePools": 1,
  "secondaryReadBwc": {
    "numSeconds": 0,
    "totalWeightInKb": 0,
    "numOccured": 0
  },
  "rfcachePoolCachePages": 0,
  "inMaintenanceCapacityInKb": 0,
  "protectionDomainIds": [
    "b8b3919900000000"
  ],
  "inUseVacInKb": 50331648,
  "fwdRebuildCapacityInKb": 0,
  "thickCapacityInUseInKb": 16777216,
  "activeMovingInRebalanceJobs": 0,
  "rmcacheCurrNumOf32kbEntries": 0,
  "rfcacheWritesSkippedLowResources": 0,
  "rfcacheFdCacheOverloaded": 0,
  "rmcache16kbEntryCount": 0,
  "rmcacheEntryEvictionSizeCountInKb": 0,
  "rfcacheSkippedUnlinedWrite": 0,
  "rfcacheAvgWriteTime": 0,
  "pendingNormRebuildCapacityInKb": 0,
  "rfcacheFdReadTimeGreater500Millis": 0,
  "pendingMovingOutNormrebuildJobs": 0,
  "rfcacheSourceDeviceReads": 0,
  "rmcacheCurrNumOf16kbEntries": 0,
  "rfcacheReadsPending": 0,
  "fwdRebuildWriteBwc": {
    "numSeconds": 0,
    "totalWeightInKb": 0,
    "numOccured": 0
  },
  "rfcacheReadsSkippedHeavyLoad": 0,
  "rfcacheFdInlightWrites": 0,
  "rfcacheReadMiss": 0,
  "rfcacheFdReadsReceived": 0,
  "activeMovingInBckRebuildJobs": 0,
  "movingCapacityInKb": 0,
  "pendingMovingInFwdRebuildJobs": 0,
  "rfcacheReadsReceived": 0,
  "rfcachePoolReadsPending": 0,
  "snapCapacityInUseOccupiedInKb": 0,
  "activeFwdRebuildCapacityInKb": 0,
  "rfcacheReadsSkippedStuckIo": 0,
  "activeMovingOutNormRebuildJobs": 0,
  "rfcacheFdWritesReceived": 0,
  "rmcacheSizeInKb": 393216,
  "rfcacheFdWriteTimeGreater1Min": 0,
  "rfcacheWritePending": 0,
  "rfcacheFdWriteTimeGreater1Sec": 0,
  "numOfThinBaseVolumes": 1,
  "numOfRfcacheDevices": 0,
  "degradedFailedVacInKb": 0,
  "rfcachePoolIoTimeGreater1Min": 0,
  "rfcachePoolReadMiss": 0
}
